{
  "requirements": [
    {
      "description": "1 - Crie uma página inicial de login com os seguintes campos e características:",
      "bonus": false
    },
    {
      "description": "2 - Crie uma página para sua carteira com as seguintes características:",
      "bonus": false
    },
    {
      "description": "3 - Crie um header para a página de carteira contendo as seguintes características:",
      "bonus": false
    },
    {
      "description": "4 - Implemente a lógica para armazenar no estado global as siglas das moedas que vêm da API",
      "bonus": false
    },
    {
      "description": "5 - Desenvolva um formulário para adicionar uma despesa contendo as seguintes características:",
      "bonus": false
    },
    {
      "description": "6 - Salve todas as informações do formulário no estado global",
      "bonus": false
    },
    {
      "description": "7 - Desenvolva uma tabela com os gastos contendo as seguintes características:",
      "bonus": false
    },
    {
      "description": "8 - Implemente a lógica para que a tabela seja alimentada pelo estado da aplicação",
      "bonus": false
    },
    {
      "description": "9 - Crie um botão para deletar uma despesa da tabela contendo as seguintes características:",
      "bonus": false
    },
    {
      "description": "10 - Crie um botão para editar uma despesa da tabela contendo as seguintes características:",
      "bonus": false
    }
  ]
}
